source_file_name,source_row_number,street,from_street,to_street,start,finish,addid,addy_from,addy_to,rating_from,rating_to,geojson_from,geojson_to
Pavement Moratorium.csv,37,318 Sw 3Rd Ave,Sw Stark St,Sw Oak St,3/28/2013,3/28/2018,69,,,-1,-1,,
Pavement Moratorium.csv,38,Ne 8Th Ave- ,Ne Hancock St,,3/25/2013,3/25/2018,70,,,-1,-1,,
Pavement Moratorium.csv,1,Se 29Th Ave,Clay St,,11/3/2011,11/3/2016,33,"1598 SE 29th Ave, Portland, OR 97214",,3,-1,"{""type"":""Point"",""crs"":{""type"":""name"",""properties"":{""name"":""urn:ogc:def:crs:EPSG::4269""}},""coordinates"":[-122.63612,45.511197]}",
Pavement Moratorium.csv,2,Sw Montgomery Dr,Clifton St,,1/29/2012,1/29/2017,34,"2098 SW Montgomery Dr, Portland, OR 97201",,3,-1,"{""type"":""Point"",""crs"":{""type"":""name"",""properties"":{""name"":""urn:ogc:def:crs:EPSG::4269""}},""coordinates"":[-122.699646,45.512497]}",
Pavement Moratorium.csv,3,Ne 52Nd Ave,Clackamas St,Halsey St,1/16/2012,1/16/2017,35,"1399 NE 52nd Ave, Portland, OR 97213","1501 NE 52nd Ave, Portland, OR 97213",3,3,"{""type"":""Point"",""crs"":{""type"":""name"",""properties"":{""name"":""urn:ogc:def:crs:EPSG::4269""}},""coordinates"":[-122.610113,45.532994]}","{""type"":""Point"",""crs"":{""type"":""name"",""properties"":{""name"":""urn:ogc:def:crs:EPSG::4269""}},""coordinates"":[-122.610018,45.533728]}"
Pavement Moratorium.csv,4,W Burnside St ,325' E Of Maywood Dr,503' E Of Maywood Rd,3/15/2012,3/15/2017,36,,,-1,-1,,
Pavement Moratorium.csv,5,W Burnside St ,Macleay Blvd,Maywood Dr,2/14/2012,2/14/2017,37,"2798 W Burnside St, Portland, OR 97210","2700 W Burnside St, Portland, OR 97210",2,2,"{""type"":""Point"",""crs"":{""type"":""name"",""properties"":{""name"":""urn:ogc:def:crs:EPSG::4269""}},""coordinates"":[-122.709738,45.523427]}","{""type"":""Point"",""crs"":{""type"":""name"",""properties"":{""name"":""urn:ogc:def:crs:EPSG::4269""}},""coordinates"":[-122.70749,45.523923]}"
Pavement Moratorium.csv,6,Ne 15Th Ave ,Hancock St,,3/1/2012,3/1/2017,38,"1901 NE 15th Ave, Portland, OR 97212",,3,-1,"{""type"":""Point"",""crs"":{""type"":""name"",""properties"":{""name"":""urn:ogc:def:crs:EPSG::4269""}},""coordinates"":[-122.650475,45.536464]}",
Pavement Moratorium.csv,7,Ne 9Th Ave ,Halsey St,Broadway,3/1/2012,3/1/2017,39,"1501 NE 9th Ave, Portland, OR 97212","1701 NE 9th Ave, Portland, OR 97212",3,3,"{""type"":""Point"",""crs"":{""type"":""name"",""properties"":{""name"":""urn:ogc:def:crs:EPSG::4269""}},""coordinates"":[-122.656588,45.533626]}","{""type"":""Point"",""crs"":{""type"":""name"",""properties"":{""name"":""urn:ogc:def:crs:EPSG::4269""}},""coordinates"":[-122.656572,45.535058]}"
Pavement Moratorium.csv,8,Nw Glisan St - ,13Th Ave,11Th Ave,2/16/2012,2/16/2017,40,"1300 NW Glisan St, Portland, OR 97209","1098 NW Glisan St, Portland, OR 97209",3,3,"{""type"":""Point"",""crs"":{""type"":""name"",""properties"":{""name"":""urn:ogc:def:crs:EPSG::4269""}},""coordinates"":[-122.684278,45.526486]}","{""type"":""Point"",""crs"":{""type"":""name"",""properties"":{""name"":""urn:ogc:def:crs:EPSG::4269""}},""coordinates"":[-122.682249,45.526523]}"
Pavement Moratorium.csv,9,Nw Thurman St,Gordon St,31St Ave,9/6/2012,9/6/2017,41,"3599 NW Thurman St, Portland, OR 97210","3100 NW Thurman St, Portland, OR 97210",3,3,"{""type"":""Point"",""crs"":{""type"":""name"",""properties"":{""name"":""urn:ogc:def:crs:EPSG::4269""}},""coordinates"":[-122.719659,45.5385]}","{""type"":""Point"",""crs"":{""type"":""name"",""properties"":{""name"":""urn:ogc:def:crs:EPSG::4269""}},""coordinates"":[-122.713654,45.535736]}"
Pavement Moratorium.csv,10,Nw 16Th Ave,Lovejoy,Thurman St,8/9/2012,8/9/2017,42,"1001 NW 16th Ave, Portland, OR 97209","1899 NW 16th Ave, Portland, OR 97209",3,3,"{""type"":""Point"",""crs"":{""type"":""name"",""properties"":{""name"":""urn:ogc:def:crs:EPSG::4269""}},""coordinates"":[-122.687473,45.529992]}","{""type"":""Point"",""crs"":{""type"":""name"",""properties"":{""name"":""urn:ogc:def:crs:EPSG::4269""}},""coordinates"":[-122.687666,45.535699]}"
Pavement Moratorium.csv,11,Sw Pine St,4Th Ave,Naito Pkwy,4/8/2013,4/8/2018,43,"400 SW Pine St, Portland, OR 97204","2 SW Pine St, Portland, OR 97204",3,3,"{""type"":""Point"",""crs"":{""type"":""name"",""properties"":{""name"":""urn:ogc:def:crs:EPSG::4269""}},""coordinates"":[-122.674753,45.521862]}","{""type"":""Point"",""crs"":{""type"":""name"",""properties"":{""name"":""urn:ogc:def:crs:EPSG::4269""}},""coordinates"":[-122.670837,45.520818]}"
Pavement Moratorium.csv,12,Ne Laurelhurst Pl,42Nd Ave,43Rd Ave,5/16/2012,5/16/2017,44,"4199 NE Laurelhurst Pl, Portland, OR 97232","4299 NE Laurelhurst Pl, Portland, OR 97213",3,3,"{""type"":""Point"",""crs"":{""type"":""name"",""properties"":{""name"":""urn:ogc:def:crs:EPSG::4269""}},""coordinates"":[-122.620404,45.529454]}","{""type"":""Point"",""crs"":{""type"":""name"",""properties"":{""name"":""urn:ogc:def:crs:EPSG::4269""}},""coordinates"":[-122.618311,45.529797]}"
Pavement Moratorium.csv,13,Nw Pettygrove St,Nw 24Th Ave,Nw 25Th Ave,11/25/2012,11/25/2017,45,"2400 NW Pettygrove St, Portland, OR 97210","2500 NW Pettygrove St, Portland, OR 97210",3,3,"{""type"":""Point"",""crs"":{""type"":""name"",""properties"":{""name"":""urn:ogc:def:crs:EPSG::4269""}},""coordinates"":[-122.700744,45.532603]}","{""type"":""Point"",""crs"":{""type"":""name"",""properties"":{""name"":""urn:ogc:def:crs:EPSG::4269""}},""coordinates"":[-122.702733,45.532566]}"
Pavement Moratorium.csv,14,Ne Multnomah St,1St Ave,Mlk Jr Blvd,11/7/2012,11/7/2017,46,,,-1,-1,,
Pavement Moratorium.csv,15,N Multnomah St,Interstate Ave,1St Ave,8/21/2015,8/21/2020,47,"99 N Multnomah St, Portland, OR 97227",,2,-1,"{""type"":""Point"",""crs"":{""type"":""name"",""properties"":{""name"":""urn:ogc:def:crs:EPSG::4269""}},""coordinates"":[-122.667209,45.529964]}",
Pavement Moratorium.csv,16,Se Belmont St,12Th Ave,Se 25Th Av,2/25/2014,2/25/2019,48,"1199 SE Belmont St, Portland, OR 97214","2499 SE Belmont St, Portland, OR 97214",3,3,"{""type"":""Point"",""crs"":{""type"":""name"",""properties"":{""name"":""urn:ogc:def:crs:EPSG::4269""}},""coordinates"":[-122.653653,45.516493]}","{""type"":""Point"",""crs"":{""type"":""name"",""properties"":{""name"":""urn:ogc:def:crs:EPSG::4269""}},""coordinates"":[-122.640143,45.516444]}"
Pavement Moratorium.csv,17,Se Belmont St,49Th Ave,55Th Ave,7/1/2014,7/1/2019,49,"4899 SE Belmont St, Portland, OR 97215","5501 SE Belmont St, Portland, OR 97215",3,3,"{""type"":""Point"",""crs"":{""type"":""name"",""properties"":{""name"":""urn:ogc:def:crs:EPSG::4269""}},""coordinates"":[-122.612566,45.516558]}","{""type"":""Point"",""crs"":{""type"":""name"",""properties"":{""name"":""urn:ogc:def:crs:EPSG::4269""}},""coordinates"":[-122.60682,45.516641]}"
Pavement Moratorium.csv,18,Se Water Ave,Alder St,Stark St,1/20/2014,1/20/2019,50,"750 SE Water Ave, Portland, OR 97214","500 SE Water Ave, Portland, OR 97214",3,3,"{""type"":""Point"",""crs"":{""type"":""name"",""properties"":{""name"":""urn:ogc:def:crs:EPSG::4269""}},""coordinates"":[-122.665871,45.517932]}","{""type"":""Point"",""crs"":{""type"":""name"",""properties"":{""name"":""urn:ogc:def:crs:EPSG::4269""}},""coordinates"":[-122.66544,45.519332]}"
Pavement Moratorium.csv,19,Se Yamhill St,69Th Ave,76Th Ave,1/15/2014,1/15/2019,51,"6899 SE Yamhill St, Portland, OR 97215","7599 SE Yamhill St, Portland, OR 97215",3,3,"{""type"":""Point"",""crs"":{""type"":""name"",""properties"":{""name"":""urn:ogc:def:crs:EPSG::4269""}},""coordinates"":[-122.592208,45.516167]}","{""type"":""Point"",""crs"":{""type"":""name"",""properties"":{""name"":""urn:ogc:def:crs:EPSG::4269""}},""coordinates"":[-122.585249,45.516367]}"
Pavement Moratorium.csv,20,Sw 14Th Ave,Jefferson St,196' N Of Morrison St (Struct),3/14/2014,3/14/2019,52,"1300 SW 14th Ave, Portland, OR 97201",,3,-1,"{""type"":""Point"",""crs"":{""type"":""name"",""properties"":{""name"":""urn:ogc:def:crs:EPSG::4269""}},""coordinates"":[-122.688399,45.517095]}",
Pavement Moratorium.csv,21,Sw 1St Ave,Yamhill St,Morrison St,5/19/2014,5/19/2019,53,"800 SW 1st Ave, Portland, OR 97204","701 SW 1st Ave, Portland, OR 97204",3,3,"{""type"":""Point"",""crs"":{""type"":""name"",""properties"":{""name"":""urn:ogc:def:crs:EPSG::4269""}},""coordinates"":[-122.673964,45.51707]}","{""type"":""Point"",""crs"":{""type"":""name"",""properties"":{""name"":""urn:ogc:def:crs:EPSG::4269""}},""coordinates"":[-122.673603,45.517737]}"
Pavement Moratorium.csv,22,Sw Alder St,14Th Ave,Burnside St,3/12/2014,3/12/2019,54,"1400 SW Alder St, Portland, OR 97205","1898 SW Alder St, Portland, OR 97205",3,3,"{""type"":""Point"",""crs"":{""type"":""name"",""properties"":{""name"":""urn:ogc:def:crs:EPSG::4269""}},""coordinates"":[-122.685834,45.521758]}","{""type"":""Point"",""crs"":{""type"":""name"",""properties"":{""name"":""urn:ogc:def:crs:EPSG::4269""}},""coordinates"":[-122.690222,45.52301]}"
Pavement Moratorium.csv,23,E Burnside St,44Th Ave,47Th Ave,11/12/2013,11/12/2018,55,"4399 E Burnside St, Portland, OR 97215","4699 E Burnside St, Portland, OR 97215",2,2,"{""type"":""Point"",""crs"":{""type"":""name"",""properties"":{""name"":""urn:ogc:def:crs:EPSG::4269""}},""coordinates"":[-122.617305,45.52307]}","{""type"":""Point"",""crs"":{""type"":""name"",""properties"":{""name"":""urn:ogc:def:crs:EPSG::4269""}},""coordinates"":[-122.615003,45.522974]}"
Pavement Moratorium.csv,24,N Wheeler Ave,Winning Way,Weidler St,6/17/2014,6/17/2019,56,"1401 N Wheeler Ave, Portland, OR 97227","1601 N Wheeler Ave, Portland, OR 97227",2,2,"{""type"":""Point"",""crs"":{""type"":""name"",""properties"":{""name"":""urn:ogc:def:crs:EPSG::4269""}},""coordinates"":[-122.666743,45.533036]}","{""type"":""Point"",""crs"":{""type"":""name"",""properties"":{""name"":""urn:ogc:def:crs:EPSG::4269""}},""coordinates"":[-122.668263,45.534357]}"
Pavement Moratorium.csv,25,Ne 16Th Dr,13Th Ave,Multnomah St,7/8/2013,7/8/2018,57,,"1201 NE 16th Ave, Portland, OR 97232",-1,6,,"{""type"":""Point"",""crs"":{""type"":""name"",""properties"":{""name"":""urn:ogc:def:crs:EPSG::4269""}},""coordinates"":[-122.649463,45.53147]}"
Pavement Moratorium.csv,26,Ne 41St Ave,Wistaria Dr,Fremont St,6/6/2014,6/6/2019,58,"3000 NE 41st Ave, Portland, OR 97212","3499 NE 41st Ave, Portland, OR 97212",3,3,"{""type"":""Point"",""crs"":{""type"":""name"",""properties"":{""name"":""urn:ogc:def:crs:EPSG::4269""}},""coordinates"":[-122.622094,45.544489]}","{""type"":""Point"",""crs"":{""type"":""name"",""properties"":{""name"":""urn:ogc:def:crs:EPSG::4269""}},""coordinates"":[-122.620789,45.5483]}"
Pavement Moratorium.csv,27,Ne 47Th Ave,Halsey St,Sandy Blvd,5/12/2014,5/12/2019,59,"1501 NE 47th Ave, Portland, OR 97213","2201 NE 47th Ave, Portland, OR 97213",3,3,"{""type"":""Point"",""crs"":{""type"":""name"",""properties"":{""name"":""urn:ogc:def:crs:EPSG::4269""}},""coordinates"":[-122.614987,45.533762]}","{""type"":""Point"",""crs"":{""type"":""name"",""properties"":{""name"":""urn:ogc:def:crs:EPSG::4269""}},""coordinates"":[-122.614972,45.538345]}"
Pavement Moratorium.csv,28,Ne Holladay St,9Th Ave,13Th Ave,6/29/2014,6/29/2019,60,"899 NE Holladay St, Portland, OR 97232","1499 NE Holladay St, Portland, OR 97232",3,3,"{""type"":""Point"",""crs"":{""type"":""name"",""properties"":{""name"":""urn:ogc:def:crs:EPSG::4269""}},""coordinates"":[-122.656574,45.53004]}","{""type"":""Point"",""crs"":{""type"":""name"",""properties"":{""name"":""urn:ogc:def:crs:EPSG::4269""}},""coordinates"":[-122.65256,45.530096]}"
Pavement Moratorium.csv,29,Ne Multnomah St,16Th Ave,21St Ave,6/27/2013,6/27/2018,61,"1601 NE Multnomah St, Portland, OR 97232","2099 NE Multnomah St, Portland, OR 97232",3,3,"{""type"":""Point"",""crs"":{""type"":""name"",""properties"":{""name"":""urn:ogc:def:crs:EPSG::4269""}},""coordinates"":[-122.649463,45.53147]}","{""type"":""Point"",""crs"":{""type"":""name"",""properties"":{""name"":""urn:ogc:def:crs:EPSG::4269""}},""coordinates"":[-122.644851,45.531456]}"
Pavement Moratorium.csv,30,E Burnside St,32Nd Ave,Cesar E Chavez Blvd,5/29/2014,5/29/2019,62,"3199 E Burnside St, Portland, OR 97214",,2,-1,"{""type"":""Point"",""crs"":{""type"":""name"",""properties"":{""name"":""urn:ogc:def:crs:EPSG::4269""}},""coordinates"":[-122.631688,45.522866]}",
Pavement Moratorium.csv,31,Ne Tillamook St,37Th Ave,43Rd Ave,3/30/2016,3/30/2021,63,"3701 NE Tillamook St, Portland, OR 97212","4299 NE Tillamook St, Portland, OR 97213",3,3,"{""type"":""Point"",""crs"":{""type"":""name"",""properties"":{""name"":""urn:ogc:def:crs:EPSG::4269""}},""coordinates"":[-122.624997,45.537777]}","{""type"":""Point"",""crs"":{""type"":""name"",""properties"":{""name"":""urn:ogc:def:crs:EPSG::4269""}},""coordinates"":[-122.61891,45.537775]}"
Pavement Moratorium.csv,32,Se Morrison St,12Th Ave,19Th Ave,2/17/2015,2/17/2020,64,"1200 SW Morrison St, Portland, OR 97205","1899 SE Morrison St, Portland, OR 97214",3,3,"{""type"":""Point"",""crs"":{""type"":""name"",""properties"":{""name"":""urn:ogc:def:crs:EPSG::4269""}},""coordinates"":[-122.684143,45.520556]}","{""type"":""Point"",""crs"":{""type"":""name"",""properties"":{""name"":""urn:ogc:def:crs:EPSG::4269""}},""coordinates"":[-122.646544,45.517179]}"
Pavement Moratorium.csv,33,Nw Everett St,23Rd Ave,19Th Ave,4/10/2014,4/10/2019,65,"2300 NW Everett St, Portland, OR 97210","NW Everett St, Portland, OR",3,3,"{""type"":""Point"",""crs"":{""type"":""name"",""properties"":{""name"":""urn:ogc:def:crs:EPSG::4269""}},""coordinates"":[-122.69842,45.524796]}","{""type"":""Point"",""crs"":{""type"":""name"",""properties"":{""name"":""urn:ogc:def:crs:EPSG::4269""}},""coordinates"":[-122.69031,45.524948]}"
Pavement Moratorium.csv,34,Se Alder St,SE 3Rd Ave,SE Mlk Jr,4/30/2012,4/30/2017,66,"300 SW Alder St, Portland, OR 97204",,3,-1,"{""type"":""Point"",""crs"":{""type"":""name"",""properties"":{""name"":""urn:ogc:def:crs:EPSG::4269""}},""coordinates"":[-122.675176,45.51892]}",
Pavement Moratorium.csv,35,Ne Glisan St,Ne 67Th Ave,Ne 82Nd Ave,8/5/2013,8/5/2018,67,"6701 NE Glisan St, Portland, OR 97213","8199 NE Glisan St, Portland, OR 97213",3,3,"{""type"":""Point"",""crs"":{""type"":""name"",""properties"":{""name"":""urn:ogc:def:crs:EPSG::4269""}},""coordinates"":[-122.594475,45.526472]}","{""type"":""Point"",""crs"":{""type"":""name"",""properties"":{""name"":""urn:ogc:def:crs:EPSG::4269""}},""coordinates"":[-122.579038,45.526423]}"
Pavement Moratorium.csv,36,Ne 28Th Ave - ,Ne Couch St,Ne Flanders St,4/24/2013,4/24/2018,68,"100 NE 28th Ave, Portland, OR 97232","401 NE 28th Ave, Portland, OR 97232",3,3,"{""type"":""Point"",""crs"":{""type"":""name"",""properties"":{""name"":""urn:ogc:def:crs:EPSG::4269""}},""coordinates"":[-122.637248,45.523589]}","{""type"":""Point"",""crs"":{""type"":""name"",""properties"":{""name"":""urn:ogc:def:crs:EPSG::4269""}},""coordinates"":[-122.637214,45.525727]}"
Pavement Moratorium.csv,39,1313 W Burnside St,,,2/26/2013,2/26/2018,71,,,-1,-1,,
Pavement Moratorium.csv,40,Ne Cesar E Chavez Blvd,Ne Wasco St,Ne Senate St,4/10/2013,4/10/2018,72,,,-1,-1,,
Pavement Moratorium.csv,41,Ne Glisan St,Ne 24Th Ave,Ne 26Th Ave/Ne Buxton St,5/6/2013,5/6/2018,73,"2400 NW Glisan St, Portland, OR 97210",,3,-1,"{""type"":""Point"",""crs"":{""type"":""name"",""properties"":{""name"":""urn:ogc:def:crs:EPSG::4269""}},""coordinates"":[-122.700504,45.526187]}",
Pavement Moratorium.csv,42,N Larrabee Ave,N Interstate Ave,N Winning Way,3/23/2013,3/23/2018,74,"2401 N Larrabee Ave, Portland, OR 97227","1201 N Larrabee Ave, Portland, OR 97227",2,2,"{""type"":""Point"",""crs"":{""type"":""name"",""properties"":{""name"":""urn:ogc:def:crs:EPSG::4269""}},""coordinates"":[-122.677118,45.540395]}","{""type"":""Point"",""crs"":{""type"":""name"",""properties"":{""name"":""urn:ogc:def:crs:EPSG::4269""}},""coordinates"":[-122.670636,45.532975]}"
Pavement Moratorium.csv,43,Ne Wheeler Ave,N Interstate Ave,Ne Holladay St,6/13/2013,6/13/2018,75,,,-1,-1,,
Pavement Moratorium.csv,44,Ne 16Th Ave,E Burnside St,Ne Sandy Blvd,7/8/2013,7/8/2018,76,"500 SW 16th Ave, Portland, OR 97205","199 NE 16th Ave, Portland, OR 97232",3,3,"{""type"":""Point"",""crs"":{""type"":""name"",""properties"":{""name"":""urn:ogc:def:crs:EPSG::4269""}},""coordinates"":[-122.687506,45.522888]}","{""type"":""Point"",""crs"":{""type"":""name"",""properties"":{""name"":""urn:ogc:def:crs:EPSG::4269""}},""coordinates"":[-122.649515,45.52443]}"
Pavement Moratorium.csv,45,3035-3055 Nw Rio Vista Ter,,,5/12/2013,5/12/2018,77,,,-1,-1,,
Pavement Moratorium.csv,87,Ne 12Th Ave,Glisan St,593' N Of Glisan St,8/7/2015,8/7/2020,119,"501 NW 12th Ave, Portland, OR 97209",,3,-1,"{""type"":""Point"",""crs"":{""type"":""name"",""properties"":{""name"":""urn:ogc:def:crs:EPSG::4269""}},""coordinates"":[-122.683263,45.526504]}",
Pavement Moratorium.csv,46,Ne Stanton St,Ne 27Th Ave,Ne 28Th Ave,8/4/2013,8/4/2018,78,"2699 NE Stanton St, Portland, OR 97212","2799 NE Stanton St, Portland, OR 97212",3,3,"{""type"":""Point"",""crs"":{""type"":""name"",""properties"":{""name"":""urn:ogc:def:crs:EPSG::4269""}},""coordinates"":[-122.638072,45.54362]}","{""type"":""Point"",""crs"":{""type"":""name"",""properties"":{""name"":""urn:ogc:def:crs:EPSG::4269""}},""coordinates"":[-122.637057,45.543618]}"
Pavement Moratorium.csv,47,Nw 21St Ave,Nw Sherlock Ave,Nw Front Ave,5/17/2015,5/17/2020,79,"2499 NW 21st Ave, Portland, OR 97209","2599 NW 21st Ave, Portland, OR 97209",3,3,"{""type"":""Point"",""crs"":{""type"":""name"",""properties"":{""name"":""urn:ogc:def:crs:EPSG::4269""}},""coordinates"":[-122.694707,45.540732]}","{""type"":""Point"",""crs"":{""type"":""name"",""properties"":{""name"":""urn:ogc:def:crs:EPSG::4269""}},""coordinates"":[-122.69404,45.541275]}"
Pavement Moratorium.csv,48,Nw Pettygrove St,25Th Ave,24Th Ave,11/25/2012,11/25/2017,80,"2500 NW Pettygrove St, Portland, OR 97210","2400 NW Pettygrove St, Portland, OR 97210",3,3,"{""type"":""Point"",""crs"":{""type"":""name"",""properties"":{""name"":""urn:ogc:def:crs:EPSG::4269""}},""coordinates"":[-122.702733,45.532566]}","{""type"":""Point"",""crs"":{""type"":""name"",""properties"":{""name"":""urn:ogc:def:crs:EPSG::4269""}},""coordinates"":[-122.700744,45.532603]}"
Pavement Moratorium.csv,49,Sw Columbia St,3Rd Ave,2Nd Ave,8/5/2012,8/5/2017,81,"300 SW Columbia St, Portland, OR 97201","200 SW Columbia St, Portland, OR 97201",3,3,"{""type"":""Point"",""crs"":{""type"":""name"",""properties"":{""name"":""urn:ogc:def:crs:EPSG::4269""}},""coordinates"":[-122.678063,45.513589]}","{""type"":""Point"",""crs"":{""type"":""name"",""properties"":{""name"":""urn:ogc:def:crs:EPSG::4269""}},""coordinates"":[-122.677079,45.513326]}"
Pavement Moratorium.csv,50,Ne 41St Ave,Ne Couch St,Ne Davis St,10/27/2013,10/27/2018,82,"101 NE 41st Ave, Portland, OR 97232","201 NE 41st Ave, Portland, OR 97232",3,3,"{""type"":""Point"",""crs"":{""type"":""name"",""properties"":{""name"":""urn:ogc:def:crs:EPSG::4269""}},""coordinates"":[-122.620481,45.524259]}","{""type"":""Point"",""crs"":{""type"":""name"",""properties"":{""name"":""urn:ogc:def:crs:EPSG::4269""}},""coordinates"":[-122.620664,45.524978]}"
Pavement Moratorium.csv,51,Ne 7Th Ave,Ne Multnomah St,Ne Weidler St,3/2/2015,3/2/2020,83,"1201 NE 7th Ave, Portland, OR 97232","1601 NE 7th Ave, Portland, OR 97212",3,3,"{""type"":""Point"",""crs"":{""type"":""name"",""properties"":{""name"":""urn:ogc:def:crs:EPSG::4269""}},""coordinates"":[-122.658624,45.531499]}","{""type"":""Point"",""crs"":{""type"":""name"",""properties"":{""name"":""urn:ogc:def:crs:EPSG::4269""}},""coordinates"":[-122.658586,45.534351]}"
Pavement Moratorium.csv,52,Ne 28Th Ave,Glisan St,Broadway,1/14/2015,1/14/2020,84,"501 NE 28th Ave, Portland, OR 97232","1699 NE 28th Ave, Portland, OR 97232",3,3,"{""type"":""Point"",""crs"":{""type"":""name"",""properties"":{""name"":""urn:ogc:def:crs:EPSG::4269""}},""coordinates"":[-122.637199,45.526466]}","{""type"":""Point"",""crs"":{""type"":""name"",""properties"":{""name"":""urn:ogc:def:crs:EPSG::4269""}},""coordinates"":[-122.636702,45.53516]}"
Pavement Moratorium.csv,53,Ne Halsey St,60Th Ave,70Th Ave,11/4/2014,11/4/2019,85,"5949 NE Halsey St, Portland, OR 97213","6998 NE Halsey St, Portland, OR 97213",3,3,"{""type"":""Point"",""crs"":{""type"":""name"",""properties"":{""name"":""urn:ogc:def:crs:EPSG::4269""}},""coordinates"":[-122.602161,45.533709]}","{""type"":""Point"",""crs"":{""type"":""name"",""properties"":{""name"":""urn:ogc:def:crs:EPSG::4269""}},""coordinates"":[-122.590848,45.533598]}"
Pavement Moratorium.csv,54,Nw Northrup St,23Rd Ave,14Th Ave,4/1/2015,4/1/2020,86,"2300 NW Northrup St, Portland, OR 97210","1398 NW Northrup St, Portland, OR 97209",3,3,"{""type"":""Point"",""crs"":{""type"":""name"",""properties"":{""name"":""urn:ogc:def:crs:EPSG::4269""}},""coordinates"":[-122.698662,45.531215]}","{""type"":""Point"",""crs"":{""type"":""name"",""properties"":{""name"":""urn:ogc:def:crs:EPSG::4269""}},""coordinates"":[-122.685477,45.531457]}"
Pavement Moratorium.csv,55,Nw Broadway,Burnside St,Hoyt St,5/24/2016,5/24/2021,87,"1 NW Broadway, Portland, OR 97209","601 NW Broadway, Portland, OR 97209",3,3,"{""type"":""Point"",""crs"":{""type"":""name"",""properties"":{""name"":""urn:ogc:def:crs:EPSG::4269""}},""coordinates"":[-122.677411,45.523042]}","{""type"":""Point"",""crs"":{""type"":""name"",""properties"":{""name"":""urn:ogc:def:crs:EPSG::4269""}},""coordinates"":[-122.677595,45.527321]}"
Pavement Moratorium.csv,56,Se 7Th Ave,Se Belmont St,Se Stark St,1/22/2015,1/22/2020,88,"898 SE 7th Ave, Portland, OR 97214","498 SE 7th Ave, Portland, OR 97214",3,3,"{""type"":""Point"",""crs"":{""type"":""name"",""properties"":{""name"":""urn:ogc:def:crs:EPSG::4269""}},""coordinates"":[-122.658674,45.516499]}","{""type"":""Point"",""crs"":{""type"":""name"",""properties"":{""name"":""urn:ogc:def:crs:EPSG::4269""}},""coordinates"":[-122.658682,45.51936]}"
Pavement Moratorium.csv,57,Se Ankeny St,Se Martin Luther King Jr Blvd,Se Sandy Blvd / Se 11Th Ave,3/12/2015,3/12/2020,89,,,-1,-1,,
Pavement Moratorium.csv,58,Sw Columbia St,225' W Of 18Th Ave,Sw Broadway,4/16/2015,4/16/2020,90,,"700 SW Columbia St, Portland, OR 97201",-1,3,,"{""type"":""Point"",""crs"":{""type"":""name"",""properties"":{""name"":""urn:ogc:def:crs:EPSG::4269""}},""coordinates"":[-122.682148,45.514677]}"
Pavement Moratorium.csv,59,Sw Columbia St,Sw Broadway,Sw Naito Pkwy,4/21/2015,4/21/2020,91,"700 SW Columbia St, Portland, OR 97201","2 SW Columbia St, Portland, OR 97201",3,3,"{""type"":""Point"",""crs"":{""type"":""name"",""properties"":{""name"":""urn:ogc:def:crs:EPSG::4269""}},""coordinates"":[-122.682148,45.514677]}","{""type"":""Point"",""crs"":{""type"":""name"",""properties"":{""name"":""urn:ogc:def:crs:EPSG::4269""}},""coordinates"":[-122.675099,45.512797]}"
Pavement Moratorium.csv,60,Sw Jefferson St,Sw Park Ave,Sw Naito Pkwy,5/14/2015,5/14/2020,92,"900 SW Jefferson St, Portland, OR 97201","2 SW Jefferson St, Portland, OR 97201",3,3,"{""type"":""Point"",""crs"":{""type"":""name"",""properties"":{""name"":""urn:ogc:def:crs:EPSG::4269""}},""coordinates"":[-122.683269,45.515741]}","{""type"":""Point"",""crs"":{""type"":""name"",""properties"":{""name"":""urn:ogc:def:crs:EPSG::4269""}},""coordinates"":[-122.674718,45.513424]}"
Pavement Moratorium.csv,61,W Burnside St/Sw 4Th Ave,Sw 5Th Ave,Sw 3Rd Ave,11/10/2013,11/10/2018,93,,,-1,-1,,
Pavement Moratorium.csv,62,W Burnside St,19Th Ave,King Ave,4/7/2014,4/7/2019,94,"1900 W Burnside St, Portland, OR 97209","2150 W Burnside St, Portland, OR 97210",2,2,"{""type"":""Point"",""crs"":{""type"":""name"",""properties"":{""name"":""urn:ogc:def:crs:EPSG::4269""}},""coordinates"":[-122.690222,45.52301]}","{""type"":""Point"",""crs"":{""type"":""name"",""properties"":{""name"":""urn:ogc:def:crs:EPSG::4269""}},""coordinates"":[-122.695394,45.523272]}"
Pavement Moratorium.csv,63,Ne 16Th Ave,Ne Glisan St,Ne Irving St,12/9/2013,12/9/2018,95,"501 NW 16th Ave, Portland, OR 97209","701 NW 16th Ave, Portland, OR 97209",3,3,"{""type"":""Point"",""crs"":{""type"":""name"",""properties"":{""name"":""urn:ogc:def:crs:EPSG::4269""}},""coordinates"":[-122.687293,45.526426]}","{""type"":""Point"",""crs"":{""type"":""name"",""properties"":{""name"":""urn:ogc:def:crs:EPSG::4269""}},""coordinates"":[-122.687371,45.527857]}"
Pavement Moratorium.csv,64,Nw 29Th Ave,Nw Nela St,,1/2/2013,1/12/2018,96,"NW 29th Ave, Portland, OR",,3,-1,"{""type"":""Point"",""crs"":{""type"":""name"",""properties"":{""name"":""urn:ogc:def:crs:EPSG::4269""}},""coordinates"":[-122.710964,45.543586]}",
Pavement Moratorium.csv,65,Ne 15Th Ave,Ne Knott St,Ne Stanton St,10/4/2012,10/4/2017,97,"2701 NE 15th Ave, Portland, OR 97212","2901 NE 15th Ave, Portland, OR 97212",3,3,"{""type"":""Point"",""crs"":{""type"":""name"",""properties"":{""name"":""urn:ogc:def:crs:EPSG::4269""}},""coordinates"":[-122.650438,45.542085]}","{""type"":""Point"",""crs"":{""type"":""name"",""properties"":{""name"":""urn:ogc:def:crs:EPSG::4269""}},""coordinates"":[-122.650428,45.543648]}"
Pavement Moratorium.csv,88,Ne Lloyd Blvd,Oregon,231 Ft East Of 1St Ave,6/12/2014,6/12/2019,120,,,-1,-1,,
Pavement Moratorium.csv,66,Sw 1St Ave,Sw Jefferson St,Sw Columbia St,2/25/2014,2/25/2019,98,"1298 SW 1st Ave, Portland, OR 97204","1398 SW 1st Ave, Portland, OR 97201",3,3,"{""type"":""Point"",""crs"":{""type"":""name"",""properties"":{""name"":""urn:ogc:def:crs:EPSG::4269""}},""coordinates"":[-122.675791,45.513729]}","{""type"":""Point"",""crs"":{""type"":""name"",""properties"":{""name"":""urn:ogc:def:crs:EPSG::4269""}},""coordinates"":[-122.67613,45.51307]}"
Pavement Moratorium.csv,67,1515 Sw Clifton St,,,1/15/2014,1/15/2019,99,,,-1,-1,,
Pavement Moratorium.csv,68,Se Taylor St,Se 50Th Ave,,4/8/2014,4/8/2019,100,"4999 SE Taylor St, Portland, OR 97215",,3,-1,"{""type"":""Point"",""crs"":{""type"":""name"",""properties"":{""name"":""urn:ogc:def:crs:EPSG::4269""}},""coordinates"":[-122.61124,45.515413]}",
Pavement Moratorium.csv,69,Ne Broadway,22Nd Ave,24Th Ave,4/7/2014,4/7/2019,101,"2199 NE Broadway St, Portland, OR 97232","2399 NE Broadway St, Portland, OR 97232",6,6,"{""type"":""Point"",""crs"":{""type"":""name"",""properties"":{""name"":""urn:ogc:def:crs:EPSG::4269""}},""coordinates"":[-122.642988,45.535015]}","{""type"":""Point"",""crs"":{""type"":""name"",""properties"":{""name"":""urn:ogc:def:crs:EPSG::4269""}},""coordinates"":[-122.64116,45.535089]}"
Pavement Moratorium.csv,70,Ne Broadway,37th Ave,Cesar E Chavez Blvd,5/20/2014,5/20/2019,102,"3699 NE Broadway St, Portland, OR 97232",,6,-1,"{""type"":""Point"",""crs"":{""type"":""name"",""properties"":{""name"":""urn:ogc:def:crs:EPSG::4269""}},""coordinates"":[-122.624999,45.535152]}",
Pavement Moratorium.csv,71,Se 60Th Ave,Harrison St,180' N of Hawthorne Blvd,6/21/2014,6/21/2019,103,"1998 SE 60th Ave, Portland, OR 97215",,3,-1,"{""type"":""Point"",""crs"":{""type"":""name"",""properties"":{""name"":""urn:ogc:def:crs:EPSG::4269""}},""coordinates"":[-122.60177,45.508593]}",
Pavement Moratorium.csv,72,Sw Stark St,Broadway,SW 10th Ave,5/7/2015,5/7/2020,104,"700 SW Stark St, Portland, OR 97205","1000 SW Stark St, Portland, OR 97205",3,3,"{""type"":""Point"",""crs"":{""type"":""name"",""properties"":{""name"":""urn:ogc:def:crs:EPSG::4269""}},""coordinates"":[-122.678538,45.521346]}","{""type"":""Point"",""crs"":{""type"":""name"",""properties"":{""name"":""urn:ogc:def:crs:EPSG::4269""}},""coordinates"":[-122.681066,45.522021]}"
Pavement Moratorium.csv,73,Se Ladd Av,Se Division St,Se Hawthorne St,6/4/2015,6/4/2020,105,"2498 SE Ladd Ave, Portland, OR 97214","1500 SE Ladd Ave, Portland, OR 97214",3,3,"{""type"":""Point"",""crs"":{""type"":""name"",""properties"":{""name"":""urn:ogc:def:crs:EPSG::4269""}},""coordinates"":[-122.645084,45.504823]}","{""type"":""Point"",""crs"":{""type"":""name"",""properties"":{""name"":""urn:ogc:def:crs:EPSG::4269""}},""coordinates"":[-122.653675,45.51221]}"
Pavement Moratorium.csv,74,Se Belmont St,Se Grand Av,Se 12Th Av,2/23/2015,2/23/2020,106,"499 SE Belmont St, Portland, OR 97214","1199 SE Belmont St, Portland, OR 97214",3,3,"{""type"":""Point"",""crs"":{""type"":""name"",""properties"":{""name"":""urn:ogc:def:crs:EPSG::4269""}},""coordinates"":[-122.660753,45.516523]}","{""type"":""Point"",""crs"":{""type"":""name"",""properties"":{""name"":""urn:ogc:def:crs:EPSG::4269""}},""coordinates"":[-122.653653,45.516493]}"
Pavement Moratorium.csv,75,Nw 11Th Ave,Nw Hoyt St,Nw Glisan St,6/24/2014,6/24/2019,107,"599 NW 11th Ave, Portland, OR 97209","501 NW 11th Ave, Portland, OR 97209",3,3,"{""type"":""Point"",""crs"":{""type"":""name"",""properties"":{""name"":""urn:ogc:def:crs:EPSG::4269""}},""coordinates"":[-122.682276,45.527236]}","{""type"":""Point"",""crs"":{""type"":""name"",""properties"":{""name"":""urn:ogc:def:crs:EPSG::4269""}},""coordinates"":[-122.682249,45.526523]}"
Pavement Moratorium.csv,76,Ne Weidler St,Martin Luther King Jr Blvd,Grand Ave,5/11/2014,5/11/2019,108,,"499 NE Weidler St, Portland, OR 97232",-1,3,,"{""type"":""Point"",""crs"":{""type"":""name"",""properties"":{""name"":""urn:ogc:def:crs:EPSG::4269""}},""coordinates"":[-122.660635,45.534358]}"
Pavement Moratorium.csv,77,Se Morrison St,Grand Ave,12Th Ave,2/16/2015,2/16/2020,109,"501 SE Morrison St, Portland, OR 97214","1200 SW Morrison St, Portland, OR 97205",3,3,"{""type"":""Point"",""crs"":{""type"":""name"",""properties"":{""name"":""urn:ogc:def:crs:EPSG::4269""}},""coordinates"":[-122.660757,45.517222]}","{""type"":""Point"",""crs"":{""type"":""name"",""properties"":{""name"":""urn:ogc:def:crs:EPSG::4269""}},""coordinates"":[-122.684143,45.520556]}"
Pavement Moratorium.csv,78,Se 11Th Ave,Division St,Hawthorne Blvd,3/16/2016,3/16/2021,110,"2498 SE 11th Ave, Portland, OR 97214","1498 SE 11th Ave, Portland, OR 97214",3,3,"{""type"":""Point"",""crs"":{""type"":""name"",""properties"":{""name"":""urn:ogc:def:crs:EPSG::4269""}},""coordinates"":[-122.654743,45.504858]}","{""type"":""Point"",""crs"":{""type"":""name"",""properties"":{""name"":""urn:ogc:def:crs:EPSG::4269""}},""coordinates"":[-122.654692,45.512215]}"
Pavement Moratorium.csv,79,Ne 24Th Ave,Weidler St (W Side),Brazee St,4/18/2016,4/18/2021,111,"1601 NE 24th Ave, Portland, OR 97232","2501 NE 24th Ave, Portland, OR 97212",3,3,"{""type"":""Point"",""crs"":{""type"":""name"",""properties"":{""name"":""urn:ogc:def:crs:EPSG::4269""}},""coordinates"":[-122.641163,45.53438]}","{""type"":""Point"",""crs"":{""type"":""name"",""properties"":{""name"":""urn:ogc:def:crs:EPSG::4269""}},""coordinates"":[-122.64114,45.540492]}"
Pavement Moratorium.csv,80,Ne Grand Ave,111' S of Lloyd Blvd,Holladay St,7/28/2015,7/28/2020,112,,"998 NE Grand Ave, Portland, OR 97232",-1,3,,"{""type"":""Point"",""crs"":{""type"":""name"",""properties"":{""name"":""urn:ogc:def:crs:EPSG::4269""}},""coordinates"":[-122.660662,45.530054]}"
Pavement Moratorium.csv,81,Ne 20Th Ave,Glisan St,21St Ave,8/11/2015,8/11/2020,113,"499 NW 20th Ave, Portland, OR 97209","999 NE 20th Ave, Portland, OR 97232",3,3,"{""type"":""Point"",""crs"":{""type"":""name"",""properties"":{""name"":""urn:ogc:def:crs:EPSG::4269""}},""coordinates"":[-122.692391,45.526337]}","{""type"":""Point"",""crs"":{""type"":""name"",""properties"":{""name"":""urn:ogc:def:crs:EPSG::4269""}},""coordinates"":[-122.644849,45.529805]}"
Pavement Moratorium.csv,82,Ne Irving St,12Th Ave,22Nd Ave,8/10/2015,8/10/2020,114,"1199 NE Irving St, Portland, OR 97232","2200 NW Irving St, Portland, OR 97210",3,3,"{""type"":""Point"",""crs"":{""type"":""name"",""properties"":{""name"":""urn:ogc:def:crs:EPSG::4269""}},""coordinates"":[-122.653557,45.527943]}","{""type"":""Point"",""crs"":{""type"":""name"",""properties"":{""name"":""urn:ogc:def:crs:EPSG::4269""}},""coordinates"":[-122.696501,45.527688]}"
Pavement Moratorium.csv,83,Ne Weidler St,10Th Ave,15Th Ave,8/18/2015,8/18/2020,115,"999 NE Weidler St, Portland, OR 97232","1499 NE Weidler St, Portland, OR 97232",3,3,"{""type"":""Point"",""crs"":{""type"":""name"",""properties"":{""name"":""urn:ogc:def:crs:EPSG::4269""}},""coordinates"":[-122.655561,45.534348]}","{""type"":""Point"",""crs"":{""type"":""name"",""properties"":{""name"":""urn:ogc:def:crs:EPSG::4269""}},""coordinates"":[-122.650479,45.534318]}"
Pavement Moratorium.csv,84,Nw Naito Pky,Davis St,9Th Ave,5/16/2016,5/16/2021,116,"101 NW Naito Pkwy, Portland, OR 97210","1501 NW Naito Pkwy, Portland, OR 97209",3,3,"{""type"":""Point"",""crs"":{""type"":""name"",""properties"":{""name"":""urn:ogc:def:crs:EPSG::4269""}},""coordinates"":[-122.670273,45.524603]}","{""type"":""Point"",""crs"":{""type"":""name"",""properties"":{""name"":""urn:ogc:def:crs:EPSG::4269""}},""coordinates"":[-122.679752,45.53284]}"
Pavement Moratorium.csv,85,Ne Sandy Blvd,27Th Ave,29Th Ave,11/29/2015,11/29/2020,117,"2703 NE Sandy Blvd, Portland, OR 97232","2899 NE Sandy Blvd, Portland, OR 97232",3,3,"{""type"":""Point"",""crs"":{""type"":""name"",""properties"":{""name"":""urn:ogc:def:crs:EPSG::4269""}},""coordinates"":[-122.638488,45.528642]}","{""type"":""Point"",""crs"":{""type"":""name"",""properties"":{""name"":""urn:ogc:def:crs:EPSG::4269""}},""coordinates"":[-122.63584,45.529665]}"
Pavement Moratorium.csv,86,Ne 16Th Ave/15Th Ave,Multnomah St,Halsey St,7/22/2015,7/22/2020,118,,,-1,-1,,
Pavement Moratorium.csv,89,Ne Siskiyou St,Ne 64th Ave,Ne Sandy Blvd,5/6/2014,5/6/2019,121,"6399 NE Siskiyou St, Portland, OR 97213","6449 NE Siskiyou St, Portland, OR 97213",3,3,"{""type"":""Point"",""crs"":{""type"":""name"",""properties"":{""name"":""urn:ogc:def:crs:EPSG::4269""}},""coordinates"":[-122.59737,45.545342]}","{""type"":""Point"",""crs"":{""type"":""name"",""properties"":{""name"":""urn:ogc:def:crs:EPSG::4269""}},""coordinates"":[-122.596611,45.545338]}"
Pavement Moratorium.csv,90,Sw 1st Ave,Sw Columbia St,Sw Jefferson St,9/4/2014,9/4/2019,122,"1398 SW 1st Ave, Portland, OR 97201","1298 SW 1st Ave, Portland, OR 97204",3,3,"{""type"":""Point"",""crs"":{""type"":""name"",""properties"":{""name"":""urn:ogc:def:crs:EPSG::4269""}},""coordinates"":[-122.67613,45.51307]}","{""type"":""Point"",""crs"":{""type"":""name"",""properties"":{""name"":""urn:ogc:def:crs:EPSG::4269""}},""coordinates"":[-122.675791,45.513729]}"
Pavement Moratorium.csv,91,W Burnside St,King Ave,21st Ave,8/10/2014,8/10/2019,123,"2150 W Burnside St, Portland, OR 97210","2098 W Burnside St, Portland, OR 97209",2,2,"{""type"":""Point"",""crs"":{""type"":""name"",""properties"":{""name"":""urn:ogc:def:crs:EPSG::4269""}},""coordinates"":[-122.695394,45.523272]}","{""type"":""Point"",""crs"":{""type"":""name"",""properties"":{""name"":""urn:ogc:def:crs:EPSG::4269""}},""coordinates"":[-122.69429,45.523215]}"
Pavement Moratorium.csv,92,NE Sandy Blvd,NE 47th Ave,NE 82nd Ave,8/6/2012,8/6/2017,124,"4699 NE Sandy Blvd, Portland, OR 97213","NE Sandy Blvd, Portland, OR",3,3,"{""type"":""Point"",""crs"":{""type"":""name"",""properties"":{""name"":""urn:ogc:def:crs:EPSG::4269""}},""coordinates"":[-122.614972,45.538345]}","{""type"":""Point"",""crs"":{""type"":""name"",""properties"":{""name"":""urn:ogc:def:crs:EPSG::4269""}},""coordinates"":[-122.57867,45.552428]}"
Pavement Moratorium.csv,93,Ne Hancock St,Ne 48th Ave,Ne 49th Ave,10/12/2014,10/12/2019,125,"4799 NE Hancock St, Portland, OR 97213","4899 NE Hancock St, Portland, OR 97213",3,3,"{""type"":""Point"",""crs"":{""type"":""name"",""properties"":{""name"":""urn:ogc:def:crs:EPSG::4269""}},""coordinates"":[-122.613966,45.53651]}","{""type"":""Point"",""crs"":{""type"":""name"",""properties"":{""name"":""urn:ogc:def:crs:EPSG::4269""}},""coordinates"":[-122.612952,45.53651]}"
Pavement Moratorium.csv,94,Ne Hazelfern Pl,Ne Cesar E Chavez Blvd,Ne 42nd Ave,11/6/2014,11/6/2019,126,,"4199 NE Hazelfern Pl, Portland, OR 97232",-1,3,,"{""type"":""Point"",""crs"":{""type"":""name"",""properties"":{""name"":""urn:ogc:def:crs:EPSG::4269""}},""coordinates"":[-122.620369,45.530206]}"
Pavement Moratorium.csv,95,E Burnside St,Se Martin Luther King Jr Blvd,Se Grand AVe,11/17/2014,11/17/2019,127,"399 E Burnside St, Portland, OR 97214","499 E Burnside St, Portland, OR 97214",2,2,"{""type"":""Point"",""crs"":{""type"":""name"",""properties"":{""name"":""urn:ogc:def:crs:EPSG::4269""}},""coordinates"":[-122.661768,45.522937]}","{""type"":""Point"",""crs"":{""type"":""name"",""properties"":{""name"":""urn:ogc:def:crs:EPSG::4269""}},""coordinates"":[-122.660707,45.522932]}"
Pavement Moratorium.csv,96,Ne 58th Ave,Ne Flanders St,Ne Glisan St,1/13/2015,1/13/2020,128,"401 NE 58th Ave, Portland, OR 97213","499 NE 58th Ave, Portland, OR 97213",3,3,"{""type"":""Point"",""crs"":{""type"":""name"",""properties"":{""name"":""urn:ogc:def:crs:EPSG::4269""}},""coordinates"":[-122.604286,45.525717]}","{""type"":""Point"",""crs"":{""type"":""name"",""properties"":{""name"":""urn:ogc:def:crs:EPSG::4269""}},""coordinates"":[-122.604159,45.526488]}"
Pavement Moratorium.csv,97,Nw 16Th Ave,Couch St,Glisan St,3/2/2016,3/2/2021,129,"101 NW 16th Ave, Portland, OR 97209","501 NW 16th Ave, Portland, OR 97209",3,3,"{""type"":""Point"",""crs"":{""type"":""name"",""properties"":{""name"":""urn:ogc:def:crs:EPSG::4269""}},""coordinates"":[-122.687228,45.523575]}","{""type"":""Point"",""crs"":{""type"":""name"",""properties"":{""name"":""urn:ogc:def:crs:EPSG::4269""}},""coordinates"":[-122.687293,45.526426]}"
Pavement Moratorium.csv,98,Sw Madison St,Sw 5th Ave,Sw 4th Ave,1/19/2015,1/19/2020,130,"500 SW Madison St, Portland, OR 97204","400 SW Madison St, Portland, OR 97204",3,3,"{""type"":""Point"",""crs"":{""type"":""name"",""properties"":{""name"":""urn:ogc:def:crs:EPSG::4269""}},""coordinates"":[-122.67939,45.515464]}","{""type"":""Point"",""crs"":{""type"":""name"",""properties"":{""name"":""urn:ogc:def:crs:EPSG::4269""}},""coordinates"":[-122.678375,45.515204]}"
Pavement Moratorium.csv,99,Ne Euclid Ave,Ne 47th Ave,Ne 49th Ave,2/3/2015,2/3/2020,131,"4899 NE Euclid Ave, Portland, OR 97213","1301 NE Euclid Ave, Portland, OR 97213",3,3,"{""type"":""Point"",""crs"":{""type"":""name"",""properties"":{""name"":""urn:ogc:def:crs:EPSG::4269""}},""coordinates"":[-122.614987,45.533762]}","{""type"":""Point"",""crs"":{""type"":""name"",""properties"":{""name"":""urn:ogc:def:crs:EPSG::4269""}},""coordinates"":[-122.612709,45.532053]}"
Pavement Moratorium.csv,100,SE Belmont St,SE Cesar E Chavez Blvd,SE Peacock Ln,2/19/2015,2/19/2020,132,,"3999 SE Belmont St, Portland, OR 97214",-1,3,,"{""type"":""Point"",""crs"":{""type"":""name"",""properties"":{""name"":""urn:ogc:def:crs:EPSG::4269""}},""coordinates"":[-122.621736,45.516576]}"
Pavement Moratorium.csv,101,NW Ariel Ter,Alpine Ter,Culpepper Ter,6/4/2015,6/4/2020,133,"2838 NW Ariel Ter, Portland, OR 97210","2812 NW Ariel Ter, Portland, OR 97210",3,3,"{""type"":""Point"",""crs"":{""type"":""name"",""properties"":{""name"":""urn:ogc:def:crs:EPSG::4269""}},""coordinates"":[-122.711023,45.527726]}","{""type"":""Point"",""crs"":{""type"":""name"",""properties"":{""name"":""urn:ogc:def:crs:EPSG::4269""}},""coordinates"":[-122.708135,45.527]}"
Pavement Moratorium.csv,102,NE 53rd Ave,Tillamook St,Thompson St,6/28/2015,6/28/2020,134,"2101 NE 53rd Ave, Portland, OR 97213","2301 NE 53rd Ave, Portland, OR 97213",3,3,"{""type"":""Point"",""crs"":{""type"":""name"",""properties"":{""name"":""urn:ogc:def:crs:EPSG::4269""}},""coordinates"":[-122.608889,45.53777]}","{""type"":""Point"",""crs"":{""type"":""name"",""properties"":{""name"":""urn:ogc:def:crs:EPSG::4269""}},""coordinates"":[-122.608887,45.539031]}"
Pavement Moratorium.csv,103,W Burnside St,11th,10th,6/23/2015,6/23/2020,135,"1100 W Burnside St, Portland, OR 97209","1000 W Burnside St, Portland, OR 97209",2,2,"{""type"":""Point"",""crs"":{""type"":""name"",""properties"":{""name"":""urn:ogc:def:crs:EPSG::4269""}},""coordinates"":[-122.682116,45.522938]}","{""type"":""Point"",""crs"":{""type"":""name"",""properties"":{""name"":""urn:ogc:def:crs:EPSG::4269""}},""coordinates"":[-122.681121,45.522976]}"
Pavement Moratorium.csv,104,N Stanton St,Kerby Ave,,6/8/2014,6/8/2019,136,"600 N Stanton St, Portland, OR 97227",,2,-1,"{""type"":""Point"",""crs"":{""type"":""name"",""properties"":{""name"":""urn:ogc:def:crs:EPSG::4269""}},""coordinates"":[-122.671966,45.543741]}",
Pavement Moratorium.csv,105,SW 15th Ave,Alder St,Burnside St,3/23/2014,3/23/2019,137,"598 SW 15th Ave, Portland, OR 97205","400 SW 15th Ave, Portland, OR 97205",3,3,"{""type"":""Point"",""crs"":{""type"":""name"",""properties"":{""name"":""urn:ogc:def:crs:EPSG::4269""}},""coordinates"":[-122.686802,45.522029]}","{""type"":""Point"",""crs"":{""type"":""name"",""properties"":{""name"":""urn:ogc:def:crs:EPSG::4269""}},""coordinates"":[-122.686562,45.522885]}"
Pavement Moratorium.csv,106,NE  EVERETT ST,57TH AVE,58TH AVE,11/8/2015,11/8/2020,138,"5699 NE Everett St, Portland, OR 97213","5799 NE Everett St, Portland, OR 97213",3,3,"{""type"":""Point"",""crs"":{""type"":""name"",""properties"":{""name"":""urn:ogc:def:crs:EPSG::4269""}},""coordinates"":[-122.605426,45.524955]}","{""type"":""Point"",""crs"":{""type"":""name"",""properties"":{""name"":""urn:ogc:def:crs:EPSG::4269""}},""coordinates"":[-122.604296,45.525031]}"
Pavement Moratorium.csv,107,NW  DAVIS ST,NW 6TH AVE,NW BROADWAY,3/24/2016,3/24/2021,139,"600 NW Davis St, Portland, OR 97209","700 NW Davis St, Portland, OR 97209",3,3,"{""type"":""Point"",""crs"":{""type"":""name"",""properties"":{""name"":""urn:ogc:def:crs:EPSG::4269""}},""coordinates"":[-122.676472,45.524489]}","{""type"":""Point"",""crs"":{""type"":""name"",""properties"":{""name"":""urn:ogc:def:crs:EPSG::4269""}},""coordinates"":[-122.677494,45.524469]}"
Pavement Moratorium.csv,108,Se Grand Ave,Se Clay St,Se Main st,5/21/2016,5/21/2021,140,"1598 SE Grand Ave, Portland, OR 97214","1298 SE Grand Ave, Portland, OR 97214",3,3,"{""type"":""Point"",""crs"":{""type"":""name"",""properties"":{""name"":""urn:ogc:def:crs:EPSG::4269""}},""coordinates"":[-122.660782,45.511522]}","{""type"":""Point"",""crs"":{""type"":""name"",""properties"":{""name"":""urn:ogc:def:crs:EPSG::4269""}},""coordinates"":[-122.660768,45.513662]}"
Pavement Moratorium.csv,109,SW 17TH AVE,SW SALMON ST,SW TAYLOR ST,9/30/2016,9/30/2021,141,"998 SW 17th Ave, Portland, OR 97205","900 SW 17th Ave, Portland, OR 97205",3,3,"{""type"":""Point"",""crs"":{""type"":""name"",""properties"":{""name"":""urn:ogc:def:crs:EPSG::4269""}},""coordinates"":[-122.690216,45.519893]}","{""type"":""Point"",""crs"":{""type"":""name"",""properties"":{""name"":""urn:ogc:def:crs:EPSG::4269""}},""coordinates"":[-122.689855,45.520559]}"
